Frequency (MHz),Ideal CaVal (pf),Middle CsVal (pf),Middle CpVal (pf),MaxI
50.0,40.721230083132134,26.11904581967963,116.12500923655799,0.20688555649773543
